Cable Assemblies,Control Systems, Connectors,Wireless,Electromechanical, Sensors,Drone,Electronic Components,Raspberry Pi,Development Boards,Device,Networking,Actuator,Environmental Monitoring,Protocols,Storage Components,HAT
Barrel - Audio Cables,Controllers - Accessories,Backplane Connectors,Wi-Fi,Audio,Sensor Kits,Drone Frames,LEDs,Boards Raspberry Pi,BBC Micro:Bit,Smart Bulb,IoT Gateway,Servo Motor,Air Quality Sensor,CoAP (Constrained Application Protocol),MicroSD Cards,Sense HAT
Barrel - Power Cables,Controllers - Cable Assemblies,Banana Connectors,Bluetooth,Fans,Distance Sensors,Lipo Batteries,Resistors,Raspberry Pi Kits,Beagle Bone,Smart Lock,Router,Stepper Motor,Water Quality Sensor ,LWM2M (Lightweight Machine-to-Machine),Standard MicroSD Card,Grove Base Hat
Between Series Adapter Cables,"Controllers - Liquid, Level",Barrel,RFID ,Industrial Automation and Controls,Temperature Sensor,Drone Remotes,Oscillators,Displays Raspberry Pi,Witty Fox,Smart Security Camera,IoT Bridge,Solenoid Valve,Soil Moisture Sensor ,TR-069,High-Speed MicroSD Card,Robot HAT
Circular Cable Assemblies,Controllers - Machine Safety,Between Series Adapters,LoRa,"Motors, Solenoids, Driver",Gas Sensor,Drone Motors,Diodes,Keyboards & Mouse,M5Stack,Smart Plug,Switches,Pneumatic Cylinder,Weather Station ,OMA-DM (Open Mobile Alliance Device Management),MicroSD Card with Large Capacity,IoT HATs
Coaxial Cables (RF),Controllers - PLC Modules,Blade Type Power Connectors,Zigbee,Relays,pH sensors,Drone Controllers,Potentiometer,Raspberry Pi Power Supply,STM Boards,Fitness Tracker,IoT SIM cards,Linear Actuator,Radiation Detector,MQTT (Message Queue Telemetry Transport),USB Flash Drives,PoE HAT
D-Shaped Cables,"Controllers - Process, Temperature",Card Edge Connectors,NB-IoT (Narrowband IoT),Switches,Accelerometer,ESC for Drones,Basic Components,Camera Raspberry Pi,Other SBC,Smart Speaker,modems,LED Light,Air Quality Monitors,HTTP (Hypertext Transfer Protocol),Standard USB Flash Drive,Display HAT
D-Sub Cables,"Controllers - Programmable (PLC, PAC)",Circular Connectors,GSM ,Motors,Force Sensors,Drone Propellers,Switches,Raspberry Pi Case,Nvidia Jetson Nano,Smart Smoke Detector,Wireless Access Points,Relay,Water Quality Sensors,HTTPS (Hypertext Transfer Protocol Secure),High-Speed USB Flash Drive,LED Matrix HAT
Fiber Optic Cables,Human Machine Interface (HMI) - Accessories,Coaxial Connectors (RF),GPRS ,Servos,Pressure Sensors,DIY Drones Kits,Integrated Circuits,Raspberry Pi Hats,8051,Smart Refrigerator,IoT edge devices,Motor,Soil Moisture Sensors,DDS (Data Distribution Service),Encrypted USB Flash Drive,GPS HAT
Firewire Cables (IEEE 1394),Human Machine Interface (HMI),Contacts,GPS,Transformers,IR Proximity Sensors,Drone Accessories,Joystick ,Raspberry Pi Cables,Universal Programmers,Smart Irrigation System,Firewalls,Pump,Weather Stations,AMQP (Advanced Message Queuing Protocol),External Hard Drives,AIY Voice Kit HAT
"Flat Flex Jumpers, Cables (FFC, FPC)",Industrial Equipment,D-Shaped Connectors - Centronics,NFC ,Servo Motors,Biomedical Sensors,Racing Drone,Wires ,SD Cards,Accessories Development Boards,Robot Vacuum,Network Adapters,Valve,air quality monitoring system,XMPP (Extensible Messaging and Presence Protocol),Portable External Hard Drive,Enviro HAT
"Flat Flex Ribbon Jumpers, Cables",Liquid Filtration,D-Sub Connectors,Radio Frequency,Stepper Motors,Light Sensor,Surveying Drone,Prototyping Boards,Raspberry Pi Accessories,Teensy,Smart Doorbell,Antennas,Heater,weather station,IPv6 (Internet Protocol version 6),Network-Attached Storage,DAC HAT
Jumper Wires,Machine Safety - Laser Scanners,FFC Connectors,ESP Module,Solenoids,Current Sensor,Agricultural Drone,Buzzers ,Raspberry Pi boards,AVR,Smart Air Purifier,Cables,Cooler,forest fire detection system,6LoWPAN (IPv6 over Low-Power Wireless Personal Area Networks),Rugged External,ADC HAT
LGH Cables,Machine Safety - Light Curtains,Heavy Duty Connectors,Beacon,Linear Actuators,Magnetic Sensor,Delivery Drone,Transformers,Raspberry Pi 3,PIC,Smart Garden System,Wi-Fi routers,Hydraulic Actuators,UV sensor,RPL (Routing Protocol for Low-Power and Lossy Networks),Solid-State Drives,Relay HAT
Modular Cables,Machine Vision - Cameras/Sensors,Keystone, NRF24L01,Gear Motors,Gyroscope,Inspection Drone,Heat Sinks,Raspberry Pi 4,ARM,Smart Coffee Maker,Ethernet routers,Pneumatic Actuators,noise level sensor,IEEE 802.15.4,SATA SSD,UPS HAT
Pluggable Cables,Machine Vision - Lighting,LGH Connectors,Smart Products,Electromagnetic Valves,Proximity,Military Drone,Keypads,Raspberry Pi Zero,BeagleBone Boards,smart thermostat,Ethernet switches,Electric Rotary Actuator,Ozone Monitors,TLS (Transport Layer Security),M.2 SSD,Motor HAT
"Power, Line Cables and Extension Cords",Monitor - Current,Modular Connectors,Wireless IoT Gateway,Encoders,Touch Sensors,Educational Drone,Sirens,Raspberry Pi Compute Module,ESP32 Development Boards,smart lighting system,unmanaged switches,Pneumatic Linear Actuator,Temperature Probes,DTLS (Datagram Transport Layer Security),NVMe SSD,Weather HAT
Rectangular Cable Assemblies,Monitor - Relay Output,Photovoltaic (Solar Panel) Connectors,Wireless Temperature Sensor,Position Sensors,Vibration Sensor,Search and Rescue Drone,Connectors,Raspberry Pi Power Supplies,STM32 Development Boards,central hub,managed switches,Pneumatic Rotary Actuator,Hygrometers,IPsec (Internet Protocol Security),Cloud Storage,Power Management HAT
Smart Cables,Panel Meters - Accessories,Pluggable Connectors,Wireless Security System,Battery Management Systems,Voltage Sensor,Quadcopters,Capacitors,Raspberry Pi Cameras,Arduino Boards,Smart Lights,cellular gateways,Piezoelectric Actuators,Environmental Data Loggers,IKE (Internet Key Exchange),Public Cloud Storage,Camera HAT
Solid State Lighting Cables,"Panel Meters - Counters, Hour Meters",Power Entry Connectors,Wireless Charger,Data Acquisition Systems,Flow sensors,Hexacopters,Inductors,Raspberry Pi Cases,Arduino Uno,Smart Thermometer,Wi-Fi antennas,Thermal Actuators,Smoke Detectors,BLE (Bluetooth Low Energy),Private Cloud Storage,LCD HAT
Specialized Cable Assemblies,Panel Meters,Rectangular Connectors,Wireless Headphones,Motor Controllers,Load Sensors,Drone Control Systems,Transistors,Raspberry Pi Hats (add-on boards),Arduino Mega,Smart Oven,directional antennas,Electrostatic Actuators,Gas Leak Detectors,Zigbee,Hybrid Cloud Storage,Z-Wave HAT
USB Cables,"Pneumatics, Hydraulics - Valves and Control","Shunts, Jumpers",Wireless Gaming Controller,,Flex Sensors,GPS Modules for Drones,ICs (Integrated Circuits),Raspberry Pi Cables and Accessories,Arduino Nano,Smartwatch,omnidirectional antennas,Hybrid Actuators,UV Radiation Sensors,Z-Wave,AWS S3,BME280 HAT
"Video Cables (DVI, HDMI)",Protection Relays & Systems,Sockets for ICs,Wireless Print Server,,Motion Sensors,FPV (First-Person View) Systems,PCBs (Printed Circuit Boards),Raspberry Pi SD Cards,IoT Sensor Boards,Smart Meter,cellular antennas,Electro-Hydraulic Actuators,CO2 Monitors,NFC (Near Field Communication),Google Cloud Storage,DHT22 HAT
Pre-Crimped Leads,Robotics - Robots,Solid State Lighting Connectors,WiFi Switch,,Turbidity sensors,Multirotor Drones,Batteries ,Raspberry Pi 4 Model B,Arduino development board,Smart Agriculture Sensor,HDMI cables,Electro-Pneumatic Actuators,,Sigfox,Microsoft Azure Blob Storage,OLED HAT
Centronics Cables,Specialized,Terminal Blocks,GPS Modules,,Camera Sensor,Octocopter,power supplies,Raspberry Pi 3 Model B+,BeagleBone Black,Smart City Light,power cables,Piezo-Hydraulic Actuators,,SNMP (Simple Network Management Protocol),Edge Storage,Sensor HAT
"Flat Flex Cables (FFC, FPC)","Stackable Tower Lighting, Beacons, and Components",Terminal Junction Systems,Bluetooth Low Energy,,Colour Sensor,Fixed-Wing Drones,Relays,Raspberry Pi Zero W,ESP8266 development board,Smart TV,mesh network,Solenoids,,TR-181,Edge Computing Devices,Data Logging HAT
Flat Ribbon Cables,Time Delay Relays,Terminal Strips and Turret Boards,Wireless Speaker,,Ambient Light Sensors,Conventional Fixed-Wing,Optocouplers,Raspberry Pi 400,Teensy development board,Smart Alarm,LoRaWAN gateway,Voice Coil Actuators,,Netconf,Distributed File Systems,RFID HAT
Multiple Conductor Cables,Voltage Transducer,Terminals,Wireless Gateway,,IR Sensors,Hybrid Fixed-Wing VTOL,Crystals ,Raspberry Pi Pico,BeagleBone Green,Smart Lamp,VPN,Magnetic Levitation Actuators,,RESTCONF,Network-Attached Storage,Accelerometer HAT
Single Conductor Cables (Hook-Up Wire),Programmable Controllers,USB Connectors,Z-Wave,,UV Sensors,Single-Rotor Drones,Enclosures ,Raspberry Pi Zero 2 W,STM32 Nucleo,Autonomous Vehicle,5G network,Comb-Drive Actuators,,STOMP (Simple Text-Oriented Messaging Protocol),Networked Storage,Humidity Sensor HAT
Wire Wrap,Machine Safety Controllers,Transistors,Ultra-Wideband,,Specialized Sensors,Helicopter Drone,Soldering Equipment,Raspberry Pi 1 Model A,STM32 Discovery,Smart Toy,F5 BIG-IP Load Balancers,Electrostatic Motors,,JMS (Java Message Service),Storage Area Network,Temperature Sensor HAT
Flat Cables,Process Temperature Controllers,FPC,Thread,,Hall Effect Sensor,Hybrid Drones,Measurement Tools,Raspberry Pi 1 Model B,Adafruit Feather,smart car,Citrix ADC,Micro-Electro-Mechanical Systems (MEMS) Actuators,,DDS-XRCE (Data Distribution Service for Extremely Resource-Constrained Environments),Embedded Storage,GSM HAT
Ethernet Cables,Home Automation Hub,HDMI Connectors,Sigfox,,Tilt Sensor,Tilt-Wing Drone,Breadboards ,Raspberry Pi 1 Model A+,Adafruit Circuit Playground Express,wearable devices,Nagios,Bimetallic Strips,,CoAP-TCP,eMMC,LoRa HAT
Cat5e Cables,Building Management System (BMS),DVI Connectors,EnOcean,,High Sensitivity Vibration Sensor Module,Convertible Drone,Wire Management ,Raspberry Pi 1 Model B+,Teensy 4.0,industrial automation systems,Cisco ASA Firewalls,Shape Memory Alloys (SMAs),,ICMPv6 (Internet Control Message Protocol version 6),Flash Memory,Wi-Fi HAT
Cat6 Cables,Industrial Control System (ICS),D-Shaped Connectors,Narrowband IoT,,MPR121 - 12 Channel Capacitive Touch Sensor Controller Module - I2C Interface,Nano Drones,Adhesives ,Raspberry Pi 2 Model B,Teensy 3.2,Smart Door Lock,Fortinet FortiGate Firewalls,Thermoelectric Actuators,,NDP (Neighbor Discovery Protocol),Automated Backup Solutions,Ethernet HAT
Cat6a Cables,Supervisory Control and Data Acquisition (SCADA),Tip Connectors,GSM,,TTP226 8-Channel Capacitive Touch Pad Sensor,Micro Drones, Housings,Raspberry Pi 3 Model B,Particle Photon,Smart Window Blinds,SonicWall Firewalls,Gears,,OSPFv3 (Open Shortest Path First version 3),Cold Storage,Power-over-Ethernet (PoE) HAT
Cat7 Cables,PLC (Programmable Logic Controllers),Barrel connectors,LTE,,BMP180 Pressure Sensor Module,Surveying Drones,Perfboards,Raspberry Pi Compute Module 1,Particle Argon,Smart Water Leak Sensor,USB Network Adapters,Linkages,,RIPv2 (Routing Information Protocol version 2),IoT Data Hubs,RTC HAT
RG-6 Cables,SCADA (Supervisory Control and Data Acquisition),DC jacks,5G,,TTP223 Touch Switch Module,Mapping Drones,Cable Ties,Raspberry Pi Compute Module 3,Particle Boron,Smart Light Bulb,D-Link DGS Series Switches,Rack,,EAP (Extensible Authentication Protocol),Optical Storage,IMU HAT
RG-11 Cables,HMI (Human-Machine Interface),IEC C13/C14 connectors,Wi-Fi HaLow,,TTP223B Capacitive Touch Sensor Module,Agricultural Drones,Sleeving,Raspberry Pi Compute Module 3+,Seeed Studio XIAO,Smart Garage Door Opener,Netgear ProSAFE Switches,DC Motors,,PSK (Pre-Shared Key),Compact Discs,USB HAT
RG-59 Cables,DCS (Distributed Control System),RJ45 connectors,Cellular,,TTP229 16 Channel Capacitive Touch Module,Delivery Drones,Clips,Raspberry Pi Compute Module 4,Seeed Studio Wio Terminal,August Doorbell Cam,Cisco Catalyst Switches,Stepper Motors,,SRTP (Secure Real-time Transport Protocol),Digital Versatile Discs,Servo HAT
Single-Mode Fiber Cables,PID Controllers,VGA connectors,ESP8266,,KY-036 Metal Touch Sensor,Inspection Drones,Fasteners,Raspberry Pi Compute Module 4 Lite,Seeeduino Lotus,Footbot Air Quality Monitor,Ubiquiti UniFi Routers,Servo Motors,,S/MIME (Secure/Multipurpose Internet Mail Extensions),Blu-ray Discs,TPU HAT
Multi-Mode Fiber Cables,real-time control system,Serial connectors,ESP-CAM,,MPX10DP Differential Pressure Sensor,Military Drones,Multimeters,Official Raspberry Pi Power Supply,Orange Pi,Canary,Netgear Nighthawk Routers,Irrigation System,,BACnet (Building Automation and Control Networks),Distributed Storage,CAN Bus HAT
Power Cables,building management system,SIM card connectors,ESP32,,BME/BMP 280 Temperature Sensor Module,Reconnaissance Drones,Logic Analyzers,Raspberry Pi Camera Module V1,Banana Pi,Nest Smoke Alarm,HPE Aruba Switches,Heating System,,C-Bus,Peer-to-Peer (P2P) Storage,NFC HAT
AC Power Cables,robotic control system,SD card connectors,cellular module,,BME680 Temperature Sensor Module,Combat Drones,Oscilloscopes,Raspberry Pi Camera Module V2,Tessel 2,Logitech Harmony,TP-Link JetStream Switches,Cooling System,,DALI (Digital Addressable Lighting Interface),Blockchain-Based Storage,IoT HAT
DC Power Cables,embedded control system,Antenna connectors,WizFi250,,DHT11 Module with ESP8266,FPV Racing Drones,MOSFET,Raspberry Pi High Quality Camera,Intel Galileo,Google Home Voice Controller,IoT Gateways,Ventilation System,,EnOcean,Encrypted Storage Devices:,
Power over Ethernet (PoE) Cables,PID control system,GPIO connectors,HC-05,,Witty Fox - SI7021 Humidity Temperature Sensor Breakout Board,Racing Quadcopters,BJT,Official Raspberry Pi Case,Intel Edison,Amazon Dash Button,Cisco IoT Gateways,Water Pump,,KNX (Konnex),Secure Digital (SD) Cards,
Temperature Sensor Cables,distributed control system,Micro-USB connectors,HC-06,,MLX90614ESF Infrared IR Temperature Sensor Module,Commercial Drones,FET,Raspberry Pi Heat Sink Kit,BBC micro,Flow Air pollution,Advantech IoT Gateways,Electric Actuators,,LonWorks,Industrial-Grade Storage,
Pressure Sensor Cables,Programmable Logic Controllers (PLCs),Mini-USB connectors,BLE Modules,,W1209 Digital Temperature Controller Thermostat Module,Environmental Monitoring Drones,LED Displays,Raspberry Pi GPIO Extension Board,M5Stack Core2,Philips Hue Bulbs,Siemens IoT Gateways,RGB LED ,,Modbus,Thermal-Resistant SSDs,
Humidity Sensor Cables,Distributed Control Systems (DCS),Type-C connectors,Xbee Series 1,,DHT11 Temperature Sensor Module,,Cooling Fans,Raspberry Pi USB Hub,M5Stack Basic,Lighting System,Dell Edge Gateway,single-color LED,,OPC UA (Open Platform Communications Unified Architecture),Battery-Backed Storage,
CAN Bus Cables,Supervisory Control and Data Acquisition (SCADA) Systems,Lightning connectors,Xbee Series 2,,10K Thermistor Temperature Sensor Module,,Li-ion,Raspberry Pi MicroSD Card,M5StickC,Bitdefender Box,Wi-Fi Range Extenders,LED strip,,WebSocket,Non-Volatile Storage,
OBD-II Cables,Building Management Systems (BMS),GPIO,Digi Xbee Zigbee,,XH-W1219 12V Digital Temperature Controller,,Lead-Acid,,Pine64,Ring Doorbell,Powerline Network Adapters,Electromagnet relay,,LoRaWan,Custom PCB Storage,
Custom Ethernet Assemblies,Industrial Control Systems (ICS),Waterproof connectors,SX1278,,DS18B20 Waterproof Digital Thermometer Sensor Probe,Drone-mounted Cameras,NiMH,,Odroid-C4,WeMo smart plug,Mesh Network Extenders,solid-state relay,,NB-IoT Protocols,Modular Storage,
Custom Fiber Assemblies,Embedded Control Systems,Dustproof connectors,RFM95W,,DHT22 Humidity and Temperature Sensor Module (AM2302),Drone-based Crop Monitoring,LiPo,,Odroid-N2,Smart washing machines,Wireless Repeater Extenders,Heating element,,BACnet,Gateway Storage Module,
Custom Cable Assemblies,Centralized Control Systems,High-temperature connectors,HopeRF RFM69,,DC 3-5V MAX6675 Module + K Type Thermocouple Temperature Sensor ,,Integrated Circuits (ICs),,Udoo Bolt,Vacuum cleaners,Ethernet Over Coax Adapters,PTC heater,,6LoWPAN,Edge Gateway Storage,
Custom Power Assemblies,Decentralized Control Systems,Low-temperature connectors,PN532,,XK-W2001 Adjustable Temperature Controller Socket,,capacitor,,Udoo Neo,Smart toothbrush,PCI Network Adapters,Peltier cooler,,OPC UA,Data Loggers,
M12 Connector Cables,Motion Control Systems,Heavy-duty connectors,NFC Modules,,XH-W3001 DC 12V 120W Digital Display LED Temperature Controller,,microcontroller,,LattePanda,Pet finders,Wi-Fi Adapters,fan,,XMPP protocol,Environmental Data Loggers,
M8 Connector Cables,Process Control Systems,Explosion-proof,ST25R3911B,,ZFX-13001 12V DC High Precision Capacitive Humidity Controller,,optoisolator,,NVIDIA Jetson Xavier NX,Smart baby monitor,Bluetooth Adapters,LCD,,Modbus protocol,Battery Storage Systems,
Connector Cables,Networked Control Systems,Vibration-resistant connectors,SIM800,,ASAIR Temperature & Humidity Sensor,,relay,,Arduino MKR1000 ,Smart Home Devices,Fiber Optic Network Adapters,e-paper,,TLS protocol,,
RJ45 Cables,Temperature Controllers,Power Connectors,RC522,,XH-W3001 24V 240W Digital Thermostat Switch,,inductor,,Arduino MKR GSM 1400,Smartphones,,OLED,,,,
Cable Conduits,Pressure Controllers,Ethernet Connectors,SIM900,,DHT22 Temperature Sensor,,Potentiometers,,Arduino MKR WAN 1310,Tablets,,servo motor actuator,,,,
Cable Trays,Level Controllers,PCB Connectors,LTE Cat M1/NB-IoT Modules,,100K Ohm NTC 3950 Thermistor,,Crystals,,Adafruit Metro M4 Express ,Smart Appliances,,valve actuators,,,,
Cable Ties,Flow Controllers,SMA Connectors,NRF905,,Acrylic Case for XH-W1209 Temperature Controller,,PCBs,,SparkFun RedBoard,IoT Health Devices,,pneumatic actuator,,,,
Cable Clips,Electrical Control Panels,DB9 Connectors,RFM12B,,MH13001 10A 220V Mini Digital Air Humidity Control Controller,,Fuses,,SparkFun Thing Plus,Smart Home Hubs,,door actuators,,,,
Antenna Cables,Remote Terminal Units (RTUs),4G LTE HAT,SX1231,,DIY Peltier Cooling System Kit with TEC 12706 Peltier,,Voltage Regulators,,ESP32-CAM ,central control systems,,Smart Medication Dispensers,,,,
RF Cables,Data Acquisition Systems,USB Type-A,NEO-6M,,TEC1 12706 Peltier Module,,Rectifiers,,AI Thinker ESP32-CAM,Smart Light Switches,,Automated Irrigation Controllers,,,,
Patch Cables,Control and Monitoring Systems for Automation,USB Type-B,MTK3339,,XM-18 Mini Digital Automatic Egg Incubator,,Antennas,,Wemos D1 Mini,Solar Panels,,Smart Door Locks,,,,
Ethernet Patch Cables,Batch Control Systems,USB Type-C,u-blox NEO-M8,,TEC1-12715 Peltier Module,,,,LilyPad Arduino ,,,Smart Speakers,,,,
Fiber Optic Patch Cables,Asset Management Systems,Ethernet RJ45,TSOP38238,,Thermoelectric Peltier Refrigeration Cooling System DIY Kit,,,,Makey Makey,,,Smart Mirrors,,,,
USB Extension Cables,Control Room Consoles,Telephone RJ11,Vishay TSOP4840,,10K Temperature Sensor (Thermistor),,,,PYNQ-Z1 ,,,Driver Assistance Technologies,,,,
Power Extension Cables,Fault Detection and Diagnosis Systems,RJ11 Connectors,Sharp GP2Y0A21YK0,,12V STC-3028 Dual Digital Thermostat Temperature Humidity Control,,,,Arduino Portenta H7 ,,,Smart Bulbs,,,,
Shielded Sensor Cables,Real-Time Control Systems,HDMI Connectors,MFRC522,,LM35 Temperature Sensor,,,,NXP i.MX 8M Mini,,,Smart Locks,,,,
Shielded Ethernet Cables,Feedback Control Systems,Mini HDMI,RDM6300,,Mini Digital Thermometer Humidity Hygrometer,,,,Nordic nRF52840-DK,,,Smart Blinds,,,,
HVAC Cables,Feedforward Control Systems,Standard HDMI,Sub-1 GHz RF Transceivers,,10A 220V Mini Digital Air Humidity Controller,,,,NodeMCU development board,,,Motorized Valves,,,,
Industrial High-Voltage Cables,Safety Instrumented Systems (SIS),Micro-USB Connectors,Wi-Fi Routers,,LM35 Sensor Module,,,,Raspberry Pi Pico,,,Smart Thermostats,,,,
Automotive Sensor Cables,Energy Management Systems (EMS),DIN Connectors,Bluetooth Beacons,,Humidity Sensor,,,,,,,Motorized Blinds,,,,
Medical Device Cables,Environmental Control Systems,5-Pin DIN,Z-Wave Modules,,Pressure Sensor,,,,,,,Smart Plugs,,,,
Weatherproof Cables,Process Safety Management Systems,8-Pin DIN,Sigfox Modules,,Proximity Sensor,,,,,,,Automated Valves,,,,
Temperature-Resistant Cables,Remote Control Systems,M12 Connectors,Satellite Communication Modules,,Motion Sensor,,,,,,,Smart Appliances,,,,
Cat5e Ethernet Cables,Smart Grid Control Systems,M12 X-Coded,Wi-Fi Range Extenders,,Soil Moisture Sensor,,,,,,,Robotic Vacuum Cleaners,,,,
Cat6 Ethernet Cables,Advanced Process Control Systems (APC),M12 A-Coded,Mesh Network Nodes,,Ultrasonic Sensor,,,,,,,Electric Window Openers,,,,
Cat6a Ethernet Cables,Automation Controllers,BNC Connectors,RFID (Radio Frequency Identification) Modules,,Heart Rate Sensor,,,,,,,Sprinkler Systems,,,,
Cat7 Ethernet Cables,Human-Machine Interface (HMI) Systems,BNC Coaxial,Inertial Measurement Units (IMUs) with Wireless Connectivity,,Accelerometer Sensor,,,,,,,Actuated HVAC Dampers,,,,
Micro-USB Cables,Control Software Platforms,JST Connectors,Wireless Audio Transmitters,,Gyroscope Sensor,,,,,,,Motorized Garage Doors,,,,
HDMI Cables,Command and Control Systems,JST PH,Wireless Video Transmitters,,Water Quality Sensor,,,,,,,Smart Heating Mats,,,,
Camera Ribbon Cables,Control System Integration Platforms,JST XH,Wireless Sensor Nodes,,RFID Sensor,,,,,,,Automated Pet Feeders,,,,
Power Cables,Control System Simulation Tools,Flexible Printed Circuit,Wireless Charging Pads,,Sound Sensor,,,,,,,Smart Fans,,,,
,PLC Modules,Flexible Flat Cable,Wireless Network Interface Cards (NICs),,Carbon Dioxide Sensor,,,,,,,Home Automation Controllers,,,,
,HVAC Control Systems,RF Connectors,Wireless Gateways,,CO Sensor,,,,,,,Shutter Systems,,,,
,Remote Patient Monitoring Systems,SMA Connectors,Wireless Access Points,,Air quality sensors,,,,,,,Smart Energy Management Systems,,,,
,,U.FL Connectors,Wireless Microcontrollers,,Cameras,,,,,,,Electronic Door Strikes,,,,
,,Screw Terminal Blocks,Cellular Modems,,Fire Sensor,,,,,,,Smart Greenhouse Controllers,,,,
,,Power Connectors,Wireless Relays,,Smoke Sensor,,,,,,,Automated Heating Mats,,,,
,,Barrel Connectors,Wireless IoT Gateways,,Chemical sensors,,,,,,,Motorized Ventilation Systems,,,,
,,DC Power Jack,Wireless Data Loggers,,Electric current sensors,,,,,,,Automated Traffic Signals,,,,
,,Micro-MaTch Connectors,Wireless Environmental Monitors,,Gyroscopes,,,,,,,Smart Parking Systems,,,,
,,Locking Mechanism,Wireless Asset Trackers,,Humidity sensors,,,,,,,Electromechanical Actuators,,,,
,,GPIO Header Connectors,,,Level sensors,,,,,,,Relays,,,,
,,Traffic Management Systems,,,hydraulic actuators,,,,,,,Linear Actuators,,,,
,,Digital Price Tags,,,soil moisture sensors,,,,,,,Robotic Arms,,,,
,,,,,Gas Leak Detector,,,,,,,Solar Inverters,,,,
,,,,,Smoke Detector,,,,,,,Automated Irrigation Systems,,,,
,,,,,PIR Motion Sensor,,,,,,,Smart Shelves,,,,
,,,,,Light Dependent Resistor (LDR),,,,,,,Smart Traffic Lights,,,,
,,,,,Magnetometer,,,,,,,Conveyor Belt Actuators,,,,
,,,,,Touch Sensor,,,,,,,Water Pumps,,,,
,,,,,Water Flow Sensor,,,,,,,Traffic Light Controllers,,,,
,,,,,Heartbeat Sensor,,,,,,,,,,,
,,,,,Rotary Encoder,,,,,,,,,,,
,,,,,Tachometer,,,,,,,,,,,
,,,,,Ultrasonic Sensors,,,,,,,,,,,
,,,,,Color Sensors,,,,,,,,,,,
,,,,,O2 Sensors,,,,,,,,,,,
,,,,,AC Current Sensors,,,,,,,,,,,
,,,,,RPM Sensors,,,,,,,,,,,
,,,,,Water Temp Sensors,,,,,,,,,,,
,,,,,Water Detection Sensors,,,,,,,,,,,
,,,,,Water Sensor Alarm,,,,,,,,,,,
,,,,,Water Pressure Sensors,,,,,,,,,,,
,,,,,ABS Speed Sensors,,,,,,,,,,,
,,,,,ABS Wheel Speed Sensors,,,,,,,,,,,
,,,,,Hall Effect Sensors,,,,,,,,,,,
,,,,,Wearable Sensors,,,,,,,,,,,
,,,,,Driveway Sensors,,,,,,,,,,,
,,,,,Inductive Sensors,,,,,,,,,,,
,,,,,Environmental Sensors,,,,,,,,,,,
,,,,,Camera Sensors,,,,,,,,,,,
,,,,,Vibrometer Sensor,,,,,,,,,,,
,,,,,Lidar Sensors,,,,,,,,,,,
,,,,,Barometric Sensors,,,,,,,,,,,
,,,,,Angle Sensors,,,,,,,,,,,
,,,,,Capacitive Sensors,,,,,,,,,,,
,,,,,Catalytic Converter Sensors,,,,,,,,,,,
,,,,,Knock Sensors,,,,,,,,,,,
,,,,,Optical Sensors,,,,,,,,,,,
,,,,,Precision Sensors,,,,,,,,,,,
,,,,,Engine Sensors,,,,,,,,,,,
,,,,,Weight Sensors,,,,,,,,,,,
,,,,,Accelerator Pedal Sensors,,,,,,,,,,,
,,,,,Magnetic Sensors,,,,,,,,,,,
,,,,,Wireless Sensors,,,,,,,,,,,
,,,,,Laser Sensors,,,,,,,,,,,
,,,,,Remote Thermostat Sensors,,,,,,,,,,,
,,,,,Thermal Sensors,,,,,,,,,,,
,,,,,Elderly Monitoring Sensors,,,,,,,,,,,
,,,,,Reversing Sensors,,,,,,,,,,,
,,,,,Photoelectric Sensors,,,,,,,,,,,
,,,,,Wind Speed Sensors,,,,,,,,,,,
,,,,,Flood Sensors,,,,,,,,,,,
,,,,,Sonar Sensors,,,,,,,,,,,
,,,,,Ultrasonic Proximity Sensors,,,,,,,,,,,
,,,,,Heat Sensors,,,,,,,,,,,
,,,,,Remote Sensors,,,,,,,,,,,
,,,,,Radar Sensors,,,,,,,,,,,
,,,,,RV Tank Sensors,,,,,,,,,,,
,,,,,Backup Sensors,,,,,,,,,,,
,,,,,Parking Sensors System,,,,,,,,,,,
,,,,,LM35 temperature sensors,,,,,,,,,,,
,,,,,Bluetooth temperature sensors,,,,,,,,,,,
,,,,,USB temperature sensors,,,,,,,,,,,
,,,,,Digital temp sensors,,,,,,,,,,,
,,,,,Nest sensors,,,,,,,,,,,
,,,,,Nest temperature sensor,,,,,,,,,,,
,,,,,Nest thermostat sensors,,,,,,,,,,,
,,,,,Battery temperature sensors,,,,,,,,,,,
,,,,,Nest room sensors,,,,,,,,,,,
,,,,,Accelerometer Sensors,,,,,,,,,,,
,,,,,Gyrometer Sensors,,,,,,,,,,,
,,,,,Chemical field-effect transistor,,,,,,,,,,,
,,,,,Chemiresistor,,,,,,,,,,,
,,,,,Electrochemical gas sensor,,,,,,,,,,,
,,,,,Fluorescent chloride sensors,,,,,,,,,,,
,,,,,Hydrogen sulfide sensor,,,,,,,,,,,
,,,,,Nondispersive infrared sensor,,,,,,,,,,,
,,,,,pH glass electrode,,,,,,,,,,,
,,,,,Potentiometric sensor,,,,,,,,,,,
,,,,,Zinc oxide nanorod sensor,,,,,,,,,,,
,,,,,Breathalyzer,,,,,,,,,,,
,,,,,Carbon monoxide detector,,,,,,,,,,,
,,,,,Catalytic bead sensor,,,,,,,,,,,
,,,,,Hydrogen sensor,,,,,,,,,,,
,,,,,Air pollution sensor,,,,,,,,,,,
,,,,,Nitrogen oxide sensor,,,,,,,,,,,
,,,,,Oxygen sensor,,,,,,,,,,,
,,,,,Ozone monitor,,,,,,,,,,,
,,,,,Gas detector,,,,,,,,,,,
,,,,,Hygrometer,,,,,,,,,,,
,,,,,Gyroscope sensors,,,,,,,,,,,
,,,,,NPK Sensors,,,,,,,,,,,
,,,,,CO2 Sensor,,,,,,,,,,,
,,,,,DHT11 Temperature,,,,,,,,,,,
,,,,,BMP280 Pressure ,,,,,,,,,,,
,,,,,BME280 Temperature,,,,,,,,,,,
,,,,,Ultrasonic Distance Sensor,,,,,,,,,,,
,,,,,DHT11,,,,,,,,,,,
,,,,,SHT31,,,,,,,,,,,
,,,,,DHT22,,,,,,,,,,,
,,,,,VOC sensor,,,,,,,,,,,
,,,,,PM2.5 sensor,,,,,,,,,,,
,,,,,pH sensor ,,,,,,,,,,,
,,,,,conductivity sensor,,,,,,,,,,,
,,,,,turbidity sensor,,,,,,,,,,,
,,,,,infrared sensor,,,,,,,,,,,
,,,,,LiDAR sensor,,,,,,,,,,,
,,,,,moisture sensor,,,,,,,,,,,
,,,,,Semiconductor Sensors,,,,,,,,,,,
,,,,,Electrochemical Sensors,,,,,,,,,,,
,,,,,Radiation Sensors,,,,,,,,,,,
,,,,,Leaf Wetness Sensors,,,,,,,,,,,
,,,,,Water Temperature Sensors,,,,,,,,,,,
,,,,,Soil pH Sensors,,,,,,,,,,,
,,,,,Wind Chill Sensors,,,,,,,,,,,
,,,,,Dew Point Sensors,,,,,,,,,,,
,,,,,Hydrostatic Pressure Sensors,,,,,,,,,,,
,,,,,Streamflow Sensors,,,,,,,,,,,
,,,,,Evapotranspiration Sensors,,,,,,,,,,,
,,,,,Biological Oxygen Demand (BOD) Sensors,,,,,,,,,,,
,,,,,Chemical Oxygen Demand (COD) Sensors,,,,,,,,,,,
,,,,,Conductivity Sensors,,,,,,,,,,,
,,,,,Soil Nutrient Sensors,,,,,,,,,,,
,,,,,Stormwater Sensors,,,,,,,,,,,
,,,,,Thermocouples,,,,,,,,,,,
,,,,,Heat Flow Sensors,,,,,,,,,,,
,,,,,Air Velocity Sensors,,,,,,,,,,,
,,,,,Water Level Sensors,,,,,,,,,,,
,,,,,Soil Compaction Sensors,,,,,,,,,,,
,,,,,Heart Rate Monitors,,,,,,,,,,,
,,,,,Tilt Sensors,,,,,,,,,,,
,,,,,High Sensitivity Vibration Sensors,,,,,,,,,,,
,,,,,Heart Rate Sensors,,,,,,,,,,,
,,,,,Water Quality Sensors,,,,,,,,,,,
,,,,,Photovoltaic Sensors,,,,,,,,,,,
,,,,,Bio-sensors,,,,,,,,,,,
,,,,,glucose sensors,,,,,,,,,,,
,,,,,breathalyzers,,,,,,,,,,,
,,,,,Carbon Dioxide Sensors,,,,,,,,,,,
,,,,,Ozone Monitors,,,,,,,,,,,
,,,,,Nitrogen Oxide Sensors,,,,,,,,,,,
,,,,,PM2.5 Sensors,,,,,,,,,,,
,,,,,Backpressure Sensors,,,,,,,,,,,
,,,,,Tachometers,,,,,,,,,,,
,,,,,Electrical Current Sensors,,,,,,,,,,,
,,,,,Gas Leak Detectors,,,,,,,,,,,
,,,,,Smoke Detectors,,,,,,,,,,,
,,,,,Fire Sensors,,,,,,,,,,,
,,,,,Water Flow Sensors,,,,,,,,,,,
,,,,,Energy Monitoring System,,,,,,,,,,,
,,,,,GPS Tracking Devices,,,,,,,,,,,
,,,,,Patient Monitors,,,,,,,,,,,
,,,,,Wearable Health Trackers,,,,,,,,,,,
,,,,,Noise Monitoring Devices,,,,,,,,,,,
,,,,,Foot Traffic Sensors,,,,,,,,,,,
,,,,,Vehicle Health Monitors,,,,,,,,,,,
,,,,,energy meters,,,,,,,,,,,
,,,,,Door Sensors,,,,,,,,,,,
,,,,,GPS Trackers,,,,,,,,,,,
,,,,,RFID Systems,,,,,,,,,,,
,,,,,Smart Energy Meters,,,,,,,,,,,
,,,,,Voltage Sensors,,,,,,,,,,,
,,,,,Environmental Monitoring Stations,,,,,,,,,,,
,,,,,Traffic Flow Sensors,,,,,,,,,,,